mass_g,radius_cm,density_g_cm3,temperature_K,luminosity_erg_s,X,Y3,Y4
2.4430000471705597e+22,2654049.9654330746,311.9662280968268,8469423.14909276,8.156640585406945e+21,0.1517586981435822,0.00022777843742789408,0.8280135234189899
2.762880322575069e+22,2765170.788453843,311.9662199012709,8469423.03671036,9.224650529594915e+21,0.15175869977525927,0.00022777846187389052,0.8280135217628669
3.8852659922241365e+22,3097952.61622217,311.96619309906237,8469422.669182181,1.2972049061143414e+22,0.15175870511139028,0.00022777854182051954,0.8280135163467892
6.3623931310536435e+22,3651524.491674201,311.96614117884224,8469421.957220487,2.1242628133879682e+22,0.15175871544833974,0.0002277786966901981,0.8280135058549701
1.1322560058988637e+23,4425015.465968786,311.96605367181905,8469420.757270617,3.780351728812323e+22,0.15175873287036373,0.00022777895770989727,0.8280134881719265
2.0778406881116255e+23,5417554.602688205,311.96591638507437,8469418.874710303,6.93744463669225e+22,0.15175876020316048,0.00022777936721542365,0.8280134604296242
3.805433182684163e+23,6628270.983717449,311.9657114773737,8469416.064888999,1.2705475797351325e+23,0.15175880099876338,0.00022777997842565438,0.8280134190228111
6.832963308034315e+23,8056293.716246186,311.9654174656655,8469412.033216717,2.2813675702345887e+23,0.15175885953423524,0.00022778085542377347,0.8280133596103411
1.1929398518212016e+24,9700751.940897625,311.9650092256313,8469406.435170965,3.9829403626613407e+23,0.15175894081153912,0.00022778207315664187,0.8280132771153044
2.0191189030192255e+24,11560774.841096414,311.96445800625486,8469398.876495888,6.741334972291196e+23,0.1517590505546015,0.0002277837173927931,0.8280131657280059
3.312927802135272e+24,13635491.653718747,311.96373145850885,8469388.9135945,1.1060998726165909e+24,0.15175919520355616,0.0002277858846389913,0.8280130189118049
5.276634789920973e+24,15924031.681012463,311.9627936736869,8469376.05405278,1.761721628740842e+24,0.15175938190705063,0.00022778868202883365,0.8280128294109206
8.1743976844897e+24,18425524.30375168,311.9616052274724,8469359.757241849,2.7291871811722035e+24,0.15175961851338546,0.00022779222719522172,0.8280125892594193
1.234393828533507e+25,21139098.995587338,311.9601232272141,8469339.434963567,4.1212403939040176e+24,0.15175991356099228,0.00022779664813445927,0.8280122897908734
1.820914353674315e+25,24063885.33854914,311.9583013609201,8469314.452119038,6.079384352133112e+24,0.15176027626853641,0.0002278020830666177,0.8280119216483971
2.6293561733976672e+25,27199013.039660804,311.9560899471822,8469284.127388613,8.778382400834176e+24,0.1517607165248034,0.00022780868029484403,0.8280114747949019
3.7234762315417566e+25,30543611.948626194,311.95343598554433,8469247.733917292,1.2431045424997892e+25,0.15176124487845344,0.0002278165980651663,0.8280109385234815
5.179952802940746e+25,34096812.07654788,311.9502832071134,8469204.500002246,1.7293294312034564e+25,0.1517618725276804,0.00022782600442775605,0.828010301467892
7.089984849540154e+25,37857743.61563902,311.9465721252856,8469153.609780522,2.3669486481834887e+25,0.15176261130979982,0.0002278370771002555,0.8280095516131
9.560968439485704e+25,41825536.959890075,311.94224008656,8469094.203916408,3.1917995294848377e+25,0.15176347369075943,0.00022785000333359488,0.828008676305907
1.2718247172774111e+26,45999322.72665235,311.93722132137736,8469025.380287869,4.24570310529399e+25,0.15176447275457824,0.00022786497978064874,0.8280076622656412
1.670693357554319e+26,50378231.779101275,311.93144699504535,8468946.194671925,5.577069219147374e+25,0.15176562219270381,0.00022788221236801434,0.8280064955949282
2.1693798441998273e+26,54961395.249541074,311.9248452587204,8468855.661429292,7.241523512393383e+25,0.15176693629327506,0.00022790191617117432,0.8280051617905538
2.786922511831649e+26,59747944.563514255,311.9173413004948,8468752.754187988,9.302555104241e+25,0.15176842993028686,0.00022792431529331076,0.82800364575442
3.544922573664245e+26,64737011.4646801,311.90885739658813,8468636.406526417,1.1832183779856475e+26,0.1517701185526345,0.00022794964274799905,0.8280019318046177
4.467751641948549e+26,69927728.04042353,311.8993129627077,8468505.512655966,1.4911645479041763e+26,0.15177201817303923,0.00022797814034606153,0.8280000036866149
5.582764848549161e+26,75319226.75563847,311.88862367527514,8468358.92810321,1.8632094905171745e+26,0.15177414761600846,0.000228010062038264,0.8279978423219534
6.920519269666332e+26,80910640.46701545,311.8767049230024,8468195.470392052,2.3095323844641513e+26,0.1517765202501346,0.00022804566119840242,0.8279954340886672
8.514997359473173e+26,86701102.44816755,311.86346720550375,8468013.919726353,2.841449404098694e+26,0.15177915527680377,0.00022808520778636718,0.82799275951541
1.0403835098049522e+27,92689746.43151355,311.8488190112977,8467813.019672908,3.471488343491937e+26,0.15178207085627693,0.00022812897777165945,0.8279898001659515
1.262855455946562e+27,98875706.6310181,311.83266622820753,8467591.47784451,4.213464417528953e+26,0.15178528565506727,0.00022817725542672972,0.8279865370895061
1.523480060619688e+27,105258117.7714359,311.814912196169,8467347.96658416,5.082557119177957e+26,0.1517888188338468,0.0002282303332442015,0.8279829508329092
1.8272581416244748e+27,111836115.11803296,311.79545776036923,8467081.123650048,6.0953879894921585e+26,0.1517926900351275,0.00022828851186003837,0.8279790214530125
2.1796512549405521e+27,118608834.5067538,311.7742013247637,8466789.552901877,7.270099156854743e+26,0.15179691937070994,0.00022835209998301915,0.8279747285293071
2.586606425906472e+27,125575412.37479663,311.75103890598984,8466471.824988468,8.626432498396432e+26,0.15180152740889688,0.00022842141433074525,0.8279700511767725
3.05458117557204e+27,132734985.79156144,311.7258641876996,8466126.478036983,1.0185809272807328e+27,0.15180653516145293,0.0002284967795725149,0.8279649680589747
3.590568812814325e+27,140086692.48993704,311.69856857533284,8465752.01834385,1.1971410069936947e+27,0.15181196407029948,0.00022857852827929597,0.8279594574014213
4.202123962768568e+27,147629670.89788538,311.669041251386,8465346.92106777,1.400825491864794e+27,0.15181783599393417,0.00022866700088113246,0.8279534970051848
4.8973883020764277e+27,155363060.2047279,311.6371663133567,8464909.63092404,1.6323283486218155e+27,0.15182418028556144,0.00022876255649883744,0.8279470571579398
5.685116471393944e+27,163286000.3314473,311.60283379482286,8464438.562881056,1.8945434871025541e+27,0.15183100712936154,0.00022886553208985387,0.8279401273385487
6.57470213553705e+27,171397631.95498157,311.5659242821202,8463932.102862116,2.1905727131166688e+27,0.15183834505155508,0.00022897629991296497,0.827932678648532
7.576204161565281e+27,179697096.60564688,311.5263186264725,8463388.60844899,2.5237336543255473e+27,0.1518462174411494,0.00022909523157675852,0.827924687327274
8.700372885027186e+27,188183536.72539806,311.4838914967273,8462806.409585064,2.897567613219436e+27,0.15185465835142603,0.00022922272229850135,0.8279161189262755
9.958676434499985e+27,196856095.60021707,311.4385274804183,8462183.809282152,3.3158472829570406e+27,0.15186367347379714,0.00022935913104322824,0.8279069673951597
1.1363327084468992e+28,205713917.38118818,311.3900984153262,8461519.08433556,3.7825843772117857e+27,0.15187329538682076,0.0002295048653435567,0.8278971997478357
1.2927307606494058e+28,214756147.22212335,311.33847774945167,8460810.486041112,4.3020371912365193e+27,0.15188354876845442,0.0002296603279759473,0.8278867909035696
1.4664397588513206e+28,223981931.33387074,311.2835323261408,8460056.240910048,4.8787179962272277e+27,0.1518944705115846,0.0002298259479371994,0.8278757035404782
1.6589199692033747e+28,233390416.88923818,311.22514107761083,8459254.551388929,5.517400183298881e+27,0.15190606436838325,0.00023000211075229702,0.8278639335208645
1.871716581685916e+28,242980752.12728855,311.1631628059109,8458403.596588533,6.223125319882509e+27,0.15191837948721093,0.0002301892793828823,0.8278514312334063
2.1064623142902505e+28,252752086.362183,311.097474919428,8457501.533013504,7.00120995109779e+27,0.15193141627007123,0.00023038784941978966,0.8278381958805091
2.364880001853041e+28,262703570.0272207,311.0279324959604,8456546.495297233,7.857252193690225e+27,0.15194522616121436,0.00023059830288901627,0.8278241755358968
2.6487851664793486e+28,272834354.70549226,310.95441019964335,8455536.596940393,8.797138073712595e+27,0.1519598097254944,0.00023082105127759939,0.8278093692232281
2.960088566479637e+28,283143593.17735213,310.87675942482514,8454469.93105359,9.827047608266086e+27,0.15197522115931014,0.00023105659688831207,0.8277937222438017
3.3007987207375303e+28,293630439.5291817,310.79484751926634,8453344.57110199,1.0953460661527796e+28,0.15199147289355341,0.00023130538575113498,0.8277772217206956
3.673024405416962e+28,304294048.89276856,310.70854107617686,8452158.571655624,1.2183162129797374e+28,0.1520085764171299,0.00023156787071072088,0.8277598557121595
4.0789771199083745e+28,315133577.788473,310.6176866162449,8450909.969156697,1.3523247344728297e+28,0.1520265895337147,0.00023184458485213987,0.8277415658814332
4.520973518908418e+28,326148184.1528844,310.5221487066906,8449596.782671794,1.4981126872160677e+28,0.152045523576635,0.00023213599804938984,0.8277223404253157
5.001437807519959e+28,337337027.1589718,310.4217838975224,8448217.014653193,1.6564530664117873e+28,0.1520654070949616,0.00023244261574719251,0.8277021502892913
5.522904096254688e+28,348699267.3519451,310.3164488920491,8446768.651716886,1.8281512137098326e+28,0.15208626608091577,0.00023276494856106216,0.8276809689705232
6.088018712816732e+28,360234066.8137244,310.2059909718535,8445249.665416228,2.014045191488851e+28,0.15210814750299495,0.0002331035491516211,0.8276587489478536
6.699542467542915e+28,371940588.9333671,310.09027936347724,8443658.01301585,2.2150060580094582e+28,0.1521310428563384,0.00023345889342220728,0.8276354982502396
7.3603528693729045e+28,383817998.4125618,309.9691611270245,8441991.638290036,2.4319381195113333e+28,0.15215499603269392,0.0002338315487195705,0.8276111724185867
8.073446289224558e+28,395865461.74616265,309.84248013061506,8440248.472319905,2.6657792142273035e+28,0.15218005717973407,0.0002342221024897993,0.8275857207177764
8.841940067648628e+28,408082146.7957513,309.7101059345771,8438426.434270458,2.9175008026297953e+28,0.15220621220739802,0.00023463105220296288,0.8275591567403991
9.669074563642598e+28,420467222.9872298,309.5718725890969,8436523.432203911,3.188108098457072e+28,0.15223353260944636,0.00023505904004598202,0.8275314083505079
1.0558215141507147e+29,433019861.5062368,309.4276401592417,8434537.363882517,3.478640153737509e+28,0.15226202515136522,0.00023550661801044923,0.8275024682306246
1.1512854092635997e+29,445739234.7320109,309.277271567536,8432466.117573421,3.7901697278797155e+28,0.15229168861667133,0.0002359743367821697,0.8274723370465468
1.2536612489139274e+29,458624516.87205654,309.12059619817336,8430307.572896864,4.123803334146168e+28,0.15232260317003157,0.00023646288698433898,0.8274409339429843
1.3633241966209447e+29,471674884.0172315,308.95747497718986,8428059.60162963,4.480681124393037e+28,0.15235477110572937,0.000236972848989099,0.8274082560452818
1.4806626430156408e+29,484889513.71450245,308.7877586464206,8425720.068517666,4.861976585991195e+28,0.1523882192132499,0.0002375048543401555,0.8273742759324101
1.6060783689048485e+29,498267585.2026657,308.6112979204179,8423286.832129272,5.26889631763514e+28,0.15242297406757105,0.00023805954732919205,0.8273389663851
1.739986700291897e+29,511808279.433873,308.4279435663687,8420757.745693818,5.702679690513501e+28,0.1524590620016198,0.000238637585405495,0.8273023004129749
1.882816655051522e+29,525510779.09424204,308.23754648413825,8418130.65794602,6.16459843765145e+28,0.15249650907956874,0.00023923963960823067,0.8272642512808233
2.0350110809590287e+29,539374268.9913726,308.0399410072659,8415403.413973803,6.655956287324104e+28,0.15253538236135533,0.00023986646101470637,0.8272247511776302
2.1970267847766314e+29,553397935.3745447,307.83501001628457,8412573.856046421,7.17808819807713e+28,0.15257562988270704,0.0002405186256964448,0.8271838514915968
2.369334652102421e+29,567580965.9082026,307.6225905338587,8409639.82451275,7.732359679768512e+28,0.15261731304105167,0.00024119690617260679,0.8271414900527759
2.5524197576905223e+29,581922551.2868227,307.4024960187999,8406599.158690924,8.320166636556556e+28,0.15266055220189095,0.000241902186641812,0.8270975456114675
2.7467814659547587e+29,596421883.2302105,307.17465221219584,8403449.697630757,8.94293389475138e+28,0.15270519184465292,0.00024263492426388638,0.8270521732310834
2.952933521371839e+29,611078154.3964156,306.9388782086795,8400189.28108076,9.60211421350604e+28,0.15275134041150415,0.00024339601781998404,0.827005263570676
3.171404128503645e+29,625890560.6396381,306.69500585771726,8396815.750450943,1.0299188191174138e+29,0.15279907636146725,0.0002441863369019525,0.826956737301631
3.402736021363415e+29,640858300.3110453,306.4428855054725,8393326.949559312,1.1035663029119277e+29,0.1528484340524207,0.0002450066990467056,0.8269065592485327
3.647486521854509e+29,655980572.0920556,306.1824410374725,8389720.725471588,1.1813070458494541e+29,0.152899267422953,0.0002458576467283527,0.8268548749303188
3.9062275870163885e+29,671256577.1470536,305.91343690429346,8385994.929559617,1.2632966402810847e+29,0.15295182684266662,0.0002467403888582132,0.8268014327684754
4.179545844816688e+29,686685518.4408906,305.6358269800122,8382147.418343698,1.349692938819458e+29,0.15300589554146857,0.00024765539188553905,0.8267464490666461
4.468042618235153e+29,702266600.9567857,305.349369474812,8378176.054413525,1.4406559247121648e+29,0.15306174400213257,0.00024860394276266987,0.8266896520551049
4.772333937390485e+29,717999032.9379586,305.05397162226654,8374078.707322649,1.5363476328791364e+29,0.15311927557930757,0.0002495867487092382,0.8266311376719834
5.093050539468013e+29,733882021.806446,304.7495545267908,8369853.254368334,1.6369317759070214e+29,0.153178361211867,0.00025060448383423014,0.826571034304299
5.430837856212521e+29,749914778.3250873,304.4358667714061,8365497.5818247,1.742573792888335e+29,0.1532393037920708,0.0002516585634087118,0.8265090376445208
5.7863559887585956e+29,766096516.755447,304.11282626036376,8361009.585706001,1.853440700916911e+29,0.15330198804176168,0.00025274973478840935,0.8264452622234502
6.1602796695766044e+29,782426451.8652433,303.780298467682,8356387.172517832,1.969700739517894e+29,0.15336643217266915,0.00025387899263953017,0.8263796888346916
6.553298211322933e+29,798903800.3663344,303.4381505069638,8351628.260363429,2.0915232571703763e+29,0.15343265361535932,0.00025504735756153886,0.8263122990270794
6.966115442388407e+29,815527780.9139458,303.0862512160937,8346730.779886519,2.219078510885448e+29,0.15350066898826642,0.00025625587707996095,0.8262430751346538
7.39944962895016e+29,832297614.1045564,302.7244712415612,8341692.675219029,2.352537457221419e+29,0.1535704940667926,0.0002575056266799259,0.8261720003065277
7.854033383339317e+29,849212522.4724704,302.35268312236553,8336511.904933716,2.4920715348571683e+29,0.1536421437525129,0.000258797710881967,0.8260990585366054
8.33061355854704e+29,866271730.485054,301.9707613733893,8331186.443001479,2.6378524388686964e+29,0.1537156320425231,0.00026013326436166864,0.8260242346931155
8.829951128701239e+29,883474464.5366023,301.57858256820606,8325714.279753615,2.7900518868784402e+29,0.15379097199896233,0.00026151345311477617,0.8259475145479231
9.352821055356466e+29,900819953.2599448,301.1760141192808,8320093.422850607,2.9488414032862726e+29,0.1538682042028343,0.00026293952509241455,0.8258688562720735
9.900012139448878e+29,918307431.1756842,300.7628086363415,8314321.898238443,3.1143923826124744e+29,0.15394766377664099,0.0002644132784075712,0.8257879229449516
1.0472326858780823e+30,935936129.9547336,300.33914154043737,8308397.750551471,3.286875130987972e+29,0.15402862392373284,0.00026593469854442695,0.825705441377723
1.1070581190910219e+30,953705279.0629963,299.9047475928964,8302319.044691143,3.4664585910457464e+29,0.1541114739066917,0.0002675057491918296,0.8256210203441167
1.1695604421328659e+30,971614117.3084508,299.4594126830597,8296083.867451,3.65331108467323e+29,0.15419648075720702,0.00026912823106581225,0.8255343910117273
1.2348238936830485e+30,989661887.7290692,299.0030488739458,8289690.32751232,3.847599657617903e+29,0.15428359813897521,0.00027080343825654565,0.8254455984227684
1.3029340003978886e+30,1007847827.383684,298.53578860680875,8283136.555996177,4.049488828337956e+29,0.15437222441633233,0.0002725317112506678,0.8253552438724172
1.3739775532597025e+30,1026171177.4777938,298.0572128715009,8276420.708599564,4.259141206839087e+29,0.15446316467602644,0.0002743159454024907,0.8252625193785713
1.4480425824214795e+30,1044631180.778093,297.5675438749576,8269540.966264697,4.476716971841517e+29,0.15455559862174342,0.00027615616907352385,0.8251682452091833
1.5252183305425573e+30,1063227082.8403925,297.0663275891186,8262495.536253647,4.7023736938888875e+29,0.15465043537755208,0.00027805557803315306,0.825071509044415
1.6055952246112864e+30,1081958133.9720256,296.55372807282214,8255282.653066761,4.9362662729142106e+29,0.15474701343862282,0.00028001457523311654,0.8249729719861443
1.6892648462523565e+30,1100823583.1556666,296.02949092864424,8247900.578966113,5.178545983498855e+29,0.15484574685542665,0.000282035572822291,0.8248722175717513
1.7763199005180857e+30,1119822684.0579984,295.49359518036545,8240347.6055154605,5.429360822439598e+29,0.15494645913019142,0.00028411995823346983,0.8247694209115752
1.8668541831639235e+30,1138954689.8913853,294.94595338217783,8232622.05411567,5.6888546272249945e+29,0.15504915045750942,0.0002862694976746229,0.8246645800448161
1.960962546410365e+30,1158218851.3107405,294.3866154799654,8224722.277260034,5.957166469687178e+29,0.15515347325261972,0.0002884853599384424,0.824558041387442
2.0587408631947534e+30,1177614425.1852455,293.815228859554,8216646.660359446,6.234431372082343e+29,0.15526012546637014,0.00029077074202354795,0.8244491037916065
2.1602859899177893e+30,1197140674.9135208,293.23183983031464,8208393.622215562,6.520780112917671e+29,0.15536878394188958,0.0002931269881535396,0.8243380890699571
2.2656957276917694e+30,1216796859.1187193,292.6364446192706,8199961.615112152,6.816337491363381e+29,0.15547926044201557,0.000295555751110983,0.8242251838068737
2.375068782098021e+30,1236582240.5891166,292.0288266358461,8191349.126968425,7.121223115303357e+29,0.15559192671569091,0.000298059829020743,0.8241100134552886
2.4885047214638642e+30,1256496083.0076025,291.4090857404704,8182554.681961927,7.43555068050693e+29,0.15570633982018195,0.00030064051837893106,0.8239930196614393
2.6061039336701074e+30,1276537651.297223,290.77700129528023,8173576.841703047,7.759427688575702e+29,0.15582289891538248,0.00030330082471486357,0.8238738002599029
2.7279675815020254e+30,1296706214.4863443,290.13259558151753,8164414.206448894,8.092955553153825e+29,0.15594137808332928,0.0003060426120347578,0.8237525793046362
2.854197556558475e+30,1317001040.1936884,289.4758145777621,8155065.4156461675,8.436228514687958e+29,0.1560617580310439,0.00030886822479470164,0.8236293737441616
2.98489643173547e+30,1337421400.4860108,288.8065183237088,8145529.149624097,8.789334175366589e+29,0.15618425396436078,0.000311780564025717,0.8235039654716138
3.120167412301766e+30,1357966565.8959472,288.12483023036117,8135804.130052401,9.15235233009344e+29,0.15630839628210003,0.0003147812348477996,0.8233768224830523
3.2601142855863454e+30,1378635808.849021,287.43051979520413,8125889.121577943,9.525355155450251e+29,0.15643465618212285,0.00031787383676496183,0.8232474699811124
3.4048413692990413e+30,1399428407.9536204,286.7235969191135,8115782.931967725,9.908407631030196e+29,0.15656288043647035,0.00032106080022010813,0.8231160587633097
3.5544534585069404e+30,1420343640.0022922,286.0040608053072,8105484.4089189265,1.0301566025653514e+30,0.1566929520421389,0.00032434471979274424,0.8229827032380685
3.7090557712915157e+30,1441380781.8185623,285.2718770487785,8094992.441657971,1.0704877880946156e+30,0.15682485181668238,0.0003277284912933914,0.8228474196920245
3.8687538931122754e+30,1462539112.4340196,284.5269921457894,8084305.964613859,1.1118382098374107e+30,0.15695862075277411,0.0003312152441350462,0.822710164003091
4.033653719905932e+30,1483817922.1433072,283.7691334713352,8073423.958781917,1.154211027127703e+30,0.15709489763778994,0.00033480951280202576,0.8225702928494082
4.2038613999492264e+30,1505216491.3246088,282.99882513165886,8062345.450068794,1.1976082890422471e+30,0.157232194539713,0.00033851136511185454,0.8224292940951753
4.379483274518382e+30,1526734091.3924139,282.21577490572554,8051069.511522785,1.242030906361815e+30,0.15737121900739848,0.0003423256965575939,0.8222864552960442
4.56062581737699e+30,1548370006.2271678,281.4199462952202,8039595.266607604,1.2874790059319368e+30,0.15751200425591877,0.000346256088293783,0.8221417396557876
4.7473955731276973e+30,1570123532.1433773,280.6110565775843,8027921.88852685,1.3339519275487193e+30,0.15765526224974769,0.00035030778246559113,0.8219944299677869
4.9398990944636626e+30,1591993955.1146364,279.7896701022973,8016048.597982973,1.381447796630749e+30,0.15779941746919107,0.0003544810239861391,0.821846101506823
5.13824287835796e+30,1613980563.6345105,278.9551786291495,8003974.666066333,1.4299637289494928e+30,0.15794608802887417,0.0003587833900730395,0.8216951285810531
5.34253330123042e+30,1636082658.2176557,278.1079114038514,7991699.415234458,1.4794960061528854e+30,0.15809435391354903,0.00036321686622582455,0.8215424292202252
5.552876553133272e+30,1658299515.615188,277.24817619752525,7979222.215918093,1.5300393718318051e+30,0.1582433532309815,0.0003677836354782823,0.8213888631335404
5.769378570997774e+30,1680630427.4882953,276.3753340196638,7966542.492774192,1.5815877481732116e+30,0.15839483430030996,0.0003724921599052766,0.8212326735397849
5.992144970987013e+30,1703074699.530584,275.48972414462736,7953659.723259444,1.6341342343731456e+30,0.15854787222002198,0.0003773448236340296,0.8210747829563442
6.221280980000077e+30,1725631625.2537642,274.59136530678506,7940573.434309573,1.687670576993357e+30,0.1587024309514404,0.0003823462506604799,0.8209152227978993
6.456891366374831e+30,1748300499.122494,273.6802804562245,7927283.205092872,1.7421874151289693e+30,0.15885847324319172,0.0003875012407583738,0.8207540255160501
6.699080369838706e+30,1771080616.51985,272.756496787353,7913788.667071431,1.7976742740378982e+30,0.15901596061754467,0.0003928147771668934,0.8205912246052887
6.947951630757254e+30,1793971273.711078,271.8200457635674,7900089.5037923865,1.8541195607025328e+30,0.1591748533821221,0.0003982920348000941,0.820426854583078
7.203608118732017e+30,1816971767.8055089,270.8709631461093,7886185.450599265,1.911510561370232e+30,0.1593351106278757,0.0004039383888152188,0.8202609509833092
7.466152060601058e+30,1840081396.6760156,269.90928997365717,7872076.294503249,1.9698334402392822e+30,0.15949668751691512,0.00040975941649096893,0.820093553066594
7.735684867895948e+30,1863299477.5352402,268.9346331399914,7857761.875645164,2.029073647161892e+30,0.15966078204020628,0.00041576418977543115,0.8199234537700185
8.012307063811219e+30,1886625310.7709675,267.94788804712016,7843242.0812168475,2.089215154825751e+30,0.15982495278920075,0.0004219524747901404,0.8197530947360093
8.296118209742402e+30,1910058198.4549525,266.94823829189016,7828516.848643282,2.1502408428374656e+30,0.15999162739897443,0.0004283371148213473,0.8195800354862044
8.587216831451551e+30,1933597442.454177,265.93663045607116,7813586.164376395,2.2121324791104688e+30,0.16015822292690293,0.0004349178194289439,0.8194068592536683
8.885700344918284e+30,1957242346.3252358,264.9122125933194,7798450.063332959,2.2748707586168313e+30,0.1603273112573231,0.0004417085314532886,0.8192309802112238
9.191664981936828e+30,1980992213.253891,263.8759856135172,7783108.627330247,2.3384352864357583e+30,0.1604961565857289,0.00044870888773720127,0.8190551345265341
9.505205715520668e+30,2004846347.9832106,262.8270619354177,7767561.984221206,2.4028046206135055e+30,0.16066747844868975,0.0004559340248862637,0.8188765875264241
9.826416185175802e+30,2028804078.2635388,261.7659750456278,7751810.308537499,2.4679568032548283e+30,0.1608399079081158,0.00046338794793775704,0.8186967041439467
1.0155388622106728e+31,2052864687.1341512,260.6933380641616,7735853.810041751,2.533867821245294e+30,0.16101183354596477,0.00047107404373913616,0.8185170924102964
1.0492213774418214e+31,2077027480.9747875,259.6081993693659,7719692.7443193775,2.600513166537513e+30,0.16118623387527997,0.00047900953200253363,0.8183347565927177
1.0836980832377435e+31,2101291791.2456934,258.5111469606999,7703327.408475793,2.667867942580911e+30,0.1613616017555717,0.0004871988632818873,0.8181511993811467
1.1189777353802338e+31,2125656926.4630136,257.4022713505518,7686758.130859746,2.7359057682812065e+30,0.16153789501633237,0.0004956511314830932,0.8179664538521847
1.1550689189641473e+31,2150122195.5243535,256.2816674783217,7669985.273762557,2.8045993412437307e+30,0.16171507155047787,0.0005043758244824575,0.8177805526250399
1.1919800409811866e+31,2174686907.639611,255.14943474923476,7653009.230786098,2.873920467715523e+30,0.16189308936235272,0.0005133828448475107,0.8175935277928
1.2297193229362355e+31,2199350372.267095,254.005676809251,7635830.424018094,2.9438400947896374e+30,0.16207190741586386,0.0005226825345070466,0.8174054100496293
1.2682947935028777e+31,2224111900.0425863,252.85048113952706,7618449.3011404965,3.014328368472961e+30,0.16225154752900123,0.0005322859033577631,0.8172161665676413
1.307714281225072e+31,2248970832.701866,251.68334480876186,7600866.335933149,3.0853553903508354e+30,0.16243384064527197,0.0005422105574730763,0.8170239487972552
1.3479854072715034e+31,2273926480.206944,250.50564975845634,7583082.01418369,3.1568897762084645e+30,0.16261491449482682,0.0005524554958720231,0.8168326300093013
1.3891155782496696e+31,2298978120.945721,249.31688841259887,7565096.853425326,3.2288986547084163e+30,0.16279663245037537,0.0005630393566121432,0.8166403281930126
1.4311119790863856e+31,2324125064.5350003,248.11718544576644,7546911.42424314,3.301349227483982e+30,0.16297895702787293,0.0005739750260478953,0.8164470679460792
1.4739815659816854e+31,2349366620.4828,246.90666913535202,7528526.337874807,3.374208070557011e+30,0.16316185202281938,0.0005852759765932116,0.8162528720005875
1.5177310594427924e+31,2374702099.200343,245.68545107123626,7509942.270516756,3.4474412045484365e+30,0.1633453434470877,0.0005969565059490148,0.8160577000469633
1.5623669374050746e+31,2400130850.4763737,244.45291702404035,7491159.962868329,3.5210150702826957e+30,0.16353174122602773,0.0006090401419487663,0.8158592186320236
1.6078954284468196e+31,2425652184.07679,243.2107294060318,7472180.175454268,3.594894692688172e+30,0.1637162541999417,0.0006215245714358998,0.8156622212286224
1.6543225051044253e+31,2451265369.6176257,241.9582726314999,7453003.688428585,3.669043676804976e+30,0.16390121161392393,0.0006344346294620252,0.8154643537566142
1.7016538772950622e+31,2476969716.2961364,240.6956915476792,7433631.313311388,3.7434261951015074e+30,0.16408658694935724,0.0006477872173012349,0.8152656258333417
1.7498949858531106e+31,2502764533.164901,239.42313449444322,7414063.880772946,3.8180060919258714e+30,0.1642723565636735,0.000661600053175562,0.8150660433831509
1.7990509961872908e+31,2528649129.097957,238.14075320200254,7394302.23731716,3.8927469371266334e+30,0.1644585001895337,0.0006758917218532723,0.8148656080886132
1.8491267920650707e+31,2554622812.7651277,236.84870262759534,7374347.241793968,3.9676120808213357e+30,0.16464500164518578,0.0006906817287942707,0.81466431662602
1.9001269695305695e+31,2580684892.62303,235.5471406909928,7354199.761745938,4.042564709401555e+30,0.16483184989894759,0.0007059905599097791,0.8144621595411426
1.9520558309628285e+31,2606834676.9238367,234.2362281077379,7333860.66959356,4.117567902662659e+30,0.16501903985188293,0.0007218397447236645,0.8142591204033935
2.0049173792803148e+31,2633071474.8743863,232.91610775518484,7313330.838839744,4.1925847186188985e+30,0.16520664045524075,0.0007382522276826856,0.8140551073170768
2.058715312298419e+31,2659394531.820837,231.58810152723305,7292611.129772123,4.267576732120693e+30,0.16539083825042533,0.0007552342660238688,0.8138539274835509
2.113453017245556e+31,2685803153.8286734,230.25013869101105,7271702.409535632,4.3425069796527496e+30,0.16557903351813757,0.0007728445404184919,0.813648121941444
2.169133565444471e+31,2712296642.89149,228.90469776298275,7250605.532714095,4.4173385758064403e+30,0.16576358991638784,0.0007910737363420837,0.8134453363472701
2.225759707164154e+31,2738874230.7240653,227.55086034094697,7229321.326943209,4.492033164624752e+30,0.16594814420681922,0.0008099661344922466,0.8132418896586886
2.2833338666485815e+31,2765535190.335089,226.18917157936716,7207850.610773584,4.5665536058836694e+30,0.16613147706484732,0.0008295445922814504,0.8130389783428713
2.3418581373276e+31,2792278771.0543017,224.81983593212038,7186194.175666409,4.6408625261748434e+30,0.16631351685617787,0.0008498388647373231,0.8128366442790849
2.4013342772158463e+31,2819104214.4808946,223.4431267972345,7164352.785305219,4.7149227510000405e+30,0.16649396933651844,0.0008708791277029069,0.8126351515357787
2.4617637045046994e+31,2846010754.6509066,222.05924754254275,7142327.171205659,4.788697370514854e+30,0.16667279033138796,0.0008926984943062278,0.812434511174306
2.5231474933527116e+31,2872997664.4546843,220.66770442251936,7120118.035755115,4.862150833370798e+30,0.16685237165359793,0.0009153453496891442,0.812232282996713
2.5854863698796777e+31,2900064175.226758,219.27003578770186,7097726.031546593,4.935247239535341e+30,0.16702807838977712,0.00093883158831231,0.8120330900219106
2.6487807083688056e+31,2927209503.2990394,217.86530748343597,7075151.7634879155,5.007950951172556e+30,0.16720387280155152,0.0009632185486749431,0.8118329086497735
2.713030527682191e+31,2954432867.9683447,216.45476729704103,7052395.7874831315,5.080227095628511e+30,0.16737610752502374,0.0009885268346656732,0.8116353656403107
2.7782354878938553e+31,2981733396.918273,215.03899373874975,7029458.589875469,5.152039560207343e+30,0.16754344215102096,0.001014791412645192,0.8114417664363339
2.844394887144631e+31,3009110303.5013843,213.61640769175995,7006340.616898575,5.223354849404254e+30,0.16771225908545104,0.0010420972051286635,0.8112456437094203
2.9115076587233616e+31,3036562794.1808915,212.1890651645534,6983042.249370099,5.294140212618324e+30,0.16787599181949697,0.00107045292554797,0.8110535552549551
2.9795723683778426e+31,3064090014.8483047,210.75621995798076,6959563.789273799,5.364362517070067e+30,0.1680381078333881,0.0010999320410319815,0.81086196012558
3.0485872118598495e+31,3091691164.25868,209.31816962903238,6935905.449357143,5.433990707476172e+30,0.16819836298057592,0.0011305885121422744,0.8106710485072819
3.118550012707097e+31,3119365369.82855,207.8760756402287,6912067.304313294,5.502993307119376e+30,0.16835334066545427,0.0011624576840843217,0.8104842016504615
3.1894582202661096e+31,3147111747.717883,206.4293101658584,6888049.321332082,5.571339687250313e+30,0.16850619318209606,0.0011956229416089361,0.8102981838762952
3.2613089079586526e+31,3174929458.9972734,204.9781945419576,6863851.381011223,5.639001261161384e+30,0.1686566257275073,0.00123014880534112,0.8101132254671517
3.334098771794499e+31,3202817598.4238534,203.52375995689525,6839473.2536364505,5.705949329665956e+30,0.1688016771471636,0.0012660838179624646,0.8099322390348741
3.4078241291336356e+31,3230775254.561366,202.06542852626222,6814914.609052508,5.772156294568315e+30,0.16894442252173922,0.0013035253648778892,0.809752052113383
3.4824809176997227e+31,3258801569.327102,200.60336740297828,6790175.023478872,5.837596845867379e+30,0.16908519197037633,0.0013425563788621302,0.8095722516507616
3.55806469484744e+31,3286895655.5104766,199.1382001635472,6765253.961113876,5.902246401728656e+30,0.1692225832131042,0.0013832508676415952,0.8093941659192543
3.634570637085236e+31,3315056596.9390807,197.6700835224733,6740150.773208791,5.966081127497827e+30,0.16935697831484123,0.001425701578498237,0.8092173201066607
3.7119935398553484e+31,3343283480.852701,196.1991770743486,6714864.702477646,6.029078529828248e+30,0.1694887731459006,0.0014700064603735904,0.809041220393726
3.79032781757239e+31,3371575371.9732575,194.72600041126987,6689394.877295877,6.091216945355454e+30,0.16961697191684869,0.0015162552313299086,0.8088667728518215
3.8695675039219566e+31,3399931320.0655484,193.25060205967708,6663740.312835477,6.152475587593154e+30,0.16974243068660713,0.0015645565907419282,0.808693012722651
3.949706252419465e+31,3428350372.35409,191.77332736353122,6637899.913296933,6.212834629045251e+30,0.16986485806298043,0.001615009682319732,0.8085201322546999
4.0307373372307762e+31,3456831551.3626876,190.29452372626625,6611872.469263868,6.272274592374514e+30,0.16998395859329465,0.0016677103754508989,0.8083483310312546
4.112653654254261e+31,3485373866.496696,188.81437338014598,6585656.662407869,6.330776229073446e+30,0.17010011108303041,0.001722753129162182,0.8081771357878076
4.195447722464631e+31,3513976314.9141307,187.33320758918424,6559251.069737595,6.388320110388233e+30,0.1702131095257458,0.001780212574280556,0.8080066778999739
4.279111685518893e+31,3542637877.8415813,185.85125247279103,6532654.1691721,6.44488603943579e+30,0.17032318815083525,0.0018401460854781697,0.8078366657636867
4.363637313622982e+31,3571357522.8981996,184.36880330371375,6505864.348616727,6.500452439525202e+30,0.1704303150390758,0.0019025746412833183,0.8076671103196412
4.449016005659709e+31,3600134200.510151,182.88612710800604,6478879.917058879,6.55499550906566e+30,0.17053458999931465,0.0019674734784179797,0.8074979365222678
4.535238791576056e+31,3628966843.371511,181.40351952520544,6451699.119627303,6.608488352873777e+30,0.17063600987950167,0.002034755385684179,0.8073292347348144
4.6222963350291475e+31,3657854359.8801217,179.92132350956703,6424320.155187906,6.660900047487513e+30,0.17073438424419013,0.002104256586238959,0.8071613591695713
4.710178936289589e+31,3686795630.610612,178.43986967644906,6396741.197748813,6.712194845840264e+30,0.1708295830813839,0.002175724405092821,0.8069946925135236
4.798876535400114e+31,3715789532.171917,176.95919592196876,6368960.390286432,6.762331451361662e+30,0.17092276290229622,0.002248777584373365,0.8068284595133308
4.888378715587827e+31,3744834921.3012915,175.479824298868,6340975.626805887,6.811262544627813e+30,0.1710130372993135,0.002322939489014611,0.8066640232116723
4.978674706927858e+31,3773930617.6958385,174.00199245558943,6312784.527147224,6.858934752168861e+30,0.1711007913418263,0.0023975912454984962,0.8065016174126756
5.069753390255996e+31,3803075447.9257717,172.52568279604287,6284384.664923277,6.905288327961996e+30,0.17118759514325327,0.002471889707784129,0.806340515148963
5.161603301327581e+31,3832268218.771351,171.05144901736867,6255773.621491969,6.950258370624834e+30,0.17127249433115535,0.0025449835577499758,0.8061825221110951
5.254212635219622e+31,3861507690.8359475,169.57957492858188,6226948.994533691,6.993777181609982e+30,0.17135573385864156,0.0026158748742735045,0.8060283912670855
5.347569250973375e+31,3890792602.267519,168.11032212133097,6197908.407051536,7.035776317216796e+30,0.1714376645438047,0.0026834794878765143,0.8058788559683193
5.441660676473247e+31,3920121693.636921,166.6436788460969,6168649.510997844,7.076187877555026e+30,0.17151994486608277,0.002746414178942186,0.8057336409549756
5.536474113559385e+31,3949493683.7544007,165.1801799252825,6139169.966582473,7.114948984142488e+30,0.17160164880696116,0.0028036997581625273,0.805594651434877
5.631996443368928e+31,3978907244.3257523,163.72008980785034,6109467.398817537,7.152006987316414e+30,0.17168308637779453,0.002854265153466669,0.8054626484687395
5.728214231903143e+31,4008361050.868732,162.26335867820595,6079539.361418411,7.187319126507379e+30,0.17176613384195297,0.002896622521079792,0.8053372436369679
5.825113735814736e+31,4037853754.534148,160.81056001395228,6049383.267121717,7.220857539938452e+30,0.17184954592258414,0.0029303167515352313,0.8052201373258814
5.922680908411916e+31,4067383967.9490776,159.361788367629,6018996.299794761,7.252612409799721e+30,0.1719344567601687,0.0029543299174329654,0.8051112133223991
6.020901405874089e+31,4096950289.9135094,157.91733582004838,5988375.327803615,7.282590874893273e+30,0.17202099440881666,0.0029681455128007512,0.8050108600783833
6.1197605936741325e+31,4126551290.7283244,156.47744658473184,5957516.889525067,7.310818226624516e+30,0.17210952619488507,0.0029713299286522146,0.8049191438764636
6.219243553202048e+31,4156185526.6931715,155.04224768405354,5926417.166082934,7.337335347971513e+30,0.1722010796942188,0.002963210214584439,0.8048357100911976
6.319335088585322e+31,4185851530.8119254,153.61207332259045,5895071.793717835,7.362197725508236e+30,0.17229558420428187,0.002943819402432673,0.8047605963932862
6.420019733699573e+31,4215547803.827574,152.18713343672707,5863475.693210833,7.385473799228342e+30,0.17239371842699885,0.0029128738425187543,0.8046934077304834
6.521281759364317e+31,4245279518.7408996,150.69895254146593,5831627.679866163,7.406678730087185e+30,0.17290676922790787,0.0025607302726250174,0.804532500499468
6.623105180718194e+31,4275047815.5349216,149.25838825913127,5799525.731812578,7.425750568291184e+30,0.1731845110858145,0.002350754287514548,0.8044647346266718
6.725473764767085e+31,4304846292.931588,147.83100278055838,5767162.60063491,7.443297792715565e+30,0.1734273352521068,0.0021529923084301628,0.804419672439464
6.828371038099425e+31,4334672344.819316,146.41285332461925,5734530.136869322,7.459563000572026e+30,0.17366001017413496,0.001952210052877331,0.8043877797729885
6.931780294761843e+31,4364523601.771469,145.00555731112075,5701618.370140211,7.474735936075084e+30,0.17387355753371014,0.0017601626819096741,0.804366279784381
7.035684604289656e+31,4394397851.856837,143.60600368296852,5668415.485528737,7.488969210036822e+30,0.17409008343411855,0.0015589975096397116,0.8043509190562425
7.1400668198842925e+31,4424292861.874358,142.21756940923757,5634907.721864507,7.502385364379217e+30,0.1742900548687545,0.0013689145931950763,0.8043410305380511
7.244909586732079e+31,4454206119.177964,140.83959279095,5601079.146927631,7.51508987294502e+30,0.1744806013842508,0.0011847492013968728,0.804334649414353
7.350195350456707e+31,4484135117.201132,139.47268016979248,5566911.718118119,7.527162514816908e+30,0.17466094001503865,0.0010083673746530773,0.804330692610309
7.455906365699506e+31,4514074751.867612,138.14046799008153,5532383.492408521,7.538684270290912e+30,0.1746718408393025,0.000997652071406378,0.8043305070892918
7.562024704818738e+31,4544020582.543789,136.8127746289387,5497798.664533402,7.54971461047872e+30,0.1746718408393025,0.000997652071406378,0.8043305070892918
7.66853226670285e+31,4573971622.724222,135.48786477765313,5463172.749195093,7.56027483887761e+30,0.1746718408393025,0.000997652071406378,0.8043305070892918
7.775410785688659e+31,4603927085.183325,134.1658817490604,5428508.707624446,7.570380418956901e+30,0.1746718408393025,0.000997652071406378,0.8043305070892918
7.882641840578362e+31,4633886177.95823,132.84696862972828,5393809.504164779,7.580046405580248e+30,0.1746718408393025,0.000997652071406378,0.8043305070892918
7.9902068637474725e+31,4663848104.298678,131.53126820857756,5359078.105426898,7.589287468701291e+30,0.1746718408393025,0.000997652071406378,0.8043305070892918
8.098087150336226e+31,4693812062.608177,130.21892289504015,5324317.480123531,7.598117913941178e+30,0.1746718408393025,0.000997652071406378,0.8043305070892918
8.206263867517435e+31,4723777246.380418,128.9100746189816,5289530.596950795,7.606551700331286e+30,0.1746718408393025,0.000997652071406378,0.8043305070892918
8.31471806383254e+31,4753742844.140693,127.60486466747675,5254720.420480223,7.614602455487475e+30,0.1746718408393025,0.000997652071406378,0.8043305070892918
8.42343067858918e+31,4783708039.418527,126.3034333712462,5219889.9117856,7.622283488485968e+30,0.1746718408393025,0.000997652071406378,0.8043305070892918
8.532382551311787e+31,4813672010.774429,125.00591976487983,5185042.02960801,7.62960780071519e+30,0.1746718408393025,0.000997652071406378,0.8043305070892918
8.641554431238522e+31,4843633931.868685,123.71246140749359,5150179.7231395,7.63658809492349e+30,0.1746718408393025,0.000997652071406378,0.8043305070892918
8.750926986856335e+31,4873592971.573902,122.42319404855076,5115305.934175711,7.643236782676106e+30,0.1746718408393025,0.000997652071406378,0.8043305070892918
8.860480815466632e+31,4903548294.156046,121.13825127318266,5080423.599152436,7.649565990474906e+30,0.1746718408393025,0.000997652071406378,0.8043305070892918
8.97019645277447e+31,4933499059.519078,119.85776424273185,5045535.645286613,7.655587564712771e+30,0.1746718408393025,0.000997652071406378,0.8043305070892918
9.080054382492773e+31,4963444423.488698,118.58186156591329,5010644.991219802,7.661313075631789e+30,0.1746718408393025,0.000997652071406378,0.8043305070892918
9.190035045955294e+31,4993383538.119457,117.310669191454,4975754.552284298,7.666753820490702e+30,0.1746718408393025,0.000997652071406378,0.8043305070892918
9.300118851729423e+31,5023315552.021851,116.04431031634982,4940867.236687194,7.67192082607603e+30,0.1746718408393025,0.000997652071406378,0.8043305070892918
9.410286185222668e+31,5053239610.702556,114.78290534976067,4905985.934422217,7.676824850632049e+30,0.1746718408393025,0.000997652071406378,0.8043305070892918
9.520517418274493e+31,5083154856.884701,113.52657208466717,4871113.527692959,7.681476385383728e+30,0.1746718408393025,0.000997652071406378,0.8043305070892918
9.630792918726475e+31,5113060430.784755,112.27542583701927,4836252.878508758,7.685885655773597e+30,0.1746718408393025,0.000997652071406378,0.8043305070892918
9.741093059963876e+31,5142955470.397781,111.02957921798756,4801406.838813008,7.690062622491419e+30,0.1746718408393025,0.000997652071406378,0.8043305070892918
9.851398230420874e+31,5172839111.599442,109.7891437041211,4766578.330000597,7.694016982592567e+30,0.1746718408393025,0.000997652071406378,0.8043305070892918
9.961688843042056e+31,5202710488.424886,108.55422669401382,4731770.258669921,7.697758170506786e+30,0.1746718408393025,0.000997652071406378,0.8043305070892918
1.0071945344694485e+32,5232568733.470307,107.32493354834737,4696985.301364969,7.701295358432464e+30,0.1746718408393025,0.000997652071406378,0.8043305070892918
1.01821482255221e+32,5262412977.00295,106.10137487039174,4662225.784414942,7.704637456337181e+30,0.1746718408393025,0.000997652071406378,0.8043305070892918
1.029227802823556e+32,5292242346.283834,104.88365734124831,4627493.771205991,7.707793112136862e+30,0.1746718408393025,0.000997652071406378,0.8043305070892918
1.0402315357332348e+32,5322055966.226158,103.67188318953403,4592791.425331031,7.710770712965414e+30,0.1746718408393025,0.000997652071406378,0.8043305070892918
1.0512240888238217e+32,5351852959.782528,102.4661527276173,4558121.387419723,7.713578387961639e+30,0.1746718408393025,0.000997652071406378,0.8043305070892918
1.0622035376365685e+32,5381632448.181771,101.26656289420023,4523486.554130539,7.716224011579708e+30,0.1746718408393025,0.000997652071406378,0.8043305070892918
1.073167966608194e+32,5411393551.468722,100.07320664807445,4488889.644031556,7.718715205653444e+30,0.1746718408393025,0.000997652071406378,0.8043305070892918
1.0841154699579766e+32,5441135388.688391,98.88617606335704,4454333.272527065,7.72105934081221e+30,0.1746718408393025,0.000997652071406378,0.8043305070892918
1.095044152564639e+32,5470857077.6371,97.70556210496432,4419820.10076278,7.723263538834848e+30,0.1746718408393025,0.000997652071406378,0.8043305070892918
1.1059521308323818e+32,5500557734.949386,96.53145250936062,4385352.788425733,7.725334675381835e+30,0.1746718408393025,0.000997652071406378,0.8043305070892918
1.1168375335454145e+32,5530236476.276123,95.36393327713967,4350933.9726793505,7.727279382816491e+30,0.1746718408393025,0.000997652071406378,0.8043305070892918
1.1276985027105413e+32,5559892416.342256,94.20308795504015,4316566.265315484,7.72910405330028e+30,0.1746718408393025,0.000997652071406378,0.8043305070892918
1.1385331943871675e+32,5589524669.095824,93.04899774076912,4282252.240973429,7.730814842094358e+30,0.1746718408393025,0.000997652071406378,0.8043305070892918
1.1493397795042238e+32,5619132347.842497,91.90174146586385,4247994.451349325,7.732417671123454e+30,0.1746718408393025,0.000997652071406378,0.8043305070892918
1.1601164446634912e+32,5648714565.411606,90.76139541579494,4213795.42449022,7.733918232809831e+30,0.1746718408393025,0.000997652071406378,0.8043305070892918
1.1708613929288243e+32,5678270434.358477,89.62803329385113,4179657.6643723035,7.735321994119923e+30,0.1746718408393025,0.000997652071406378,0.8043305070892918
1.1815728446007492e+32,5707799067.196695,88.50172610009287,4145583.650268855,7.736634200826314e+30,0.1746718408393025,0.000997652071406378,0.8043305070892918
1.1922490379760763e+32,5737299576.66027,87.38254210770023,4111575.8339703656,7.737859881965075e+30,0.1746718408393025,0.000997652071406378,0.8043305070892918
1.2028882300919756e+32,5766771075.968364,86.27054691695825,4077636.6423265976,7.739003854475562e+30,0.1746718408393025,0.000997652071406378,0.8043305070892918
1.2134886974540996e+32,5796212679.103422,85.16580337223746,4043768.482942122,7.740070728009549e+30,0.1746718408393025,0.000997652071406378,0.8043305070892918
1.2240487367484259e+32,5825623501.101949,84.06837162790058,4009973.739031499,7.74106490989393e+30,0.1746718408393025,0.000997652071406378,0.8043305070892918
1.2345666655363265e+32,5855002658.282596,82.97830950156342,3976254.76750077,7.741990610221145e+30,0.1746718408393025,0.000997652071406378,0.8043305070892918
1.2450408229325404e+32,5884349268.393977,81.89567262008256,3942613.9100431027,7.742851847054871e+30,0.1746718408393025,0.000997652071406378,0.8043305070892918
1.2554695702656937e+32,5913662450.666043,80.8205148371155,3909053.4922824036,7.743652451744428e+30,0.1746718408393025,0.000997652071406378,0.8043305070892918
1.2658512917210328e+32,5942941325.64931,79.7528889844625,3875575.819931227,7.744396074313399e+30,0.1746718408393025,0.000997652071406378,0.8043305070892918
1.2761843949650345e+32,5972185014.801405,78.6928474399721,3842183.18448306,7.745086188905919e+30,0.1746718408393025,0.000997652071406378,0.8043305070892918
1.2864673117516109e+32,6001392639.752269,77.64044316315258,3808877.8583326587,7.745726099286485e+30,0.1746718408393025,0.000997652071406378,0.8043305070892918
1.296698498509639e+32,6030563321.142819,76.59573071630827,3775662.0925810956,7.746318944362738e+30,0.1746718408393025,0.000997652071406378,0.8043305070892918
1.3068764369115192e+32,6059696177.161742,75.55876650282933,3742538.1278775698,7.746867703709257e+30,0.1746718408393025,0.000997652071406378,0.8043305070892918
1.3169996344226263e+32,6088790321.752315,74.52960984115035,3709508.166088008,7.747375203105901e+30,0.1746718408393025,0.000997652071406378,0.8043305070892918
1.3270666248312573e+32,6117844862.537302,73.50832284808507,3676574.360028319,7.747844120023596e+30,0.1746718408393025,0.000997652071406378,0.8043305070892918
1.3370759687590484e+32,6146858898.922258,72.4949691026484,3643738.8250927767,7.748276989059286e+30,0.1746718408393025,0.000997652071406378,0.8043305070892918
1.34702625415159e+32,6175831520.531231,71.48961282648679,3611003.615614328,7.748676207346404e+30,0.1746718408393025,0.000997652071406378,0.8043305070892918
1.3569160967491267e+32,6204761806.217496,70.4923164715338,3578370.726854539,7.749044039882194e+30,0.1746718408393025,0.000997652071406378,0.8043305070892918
1.3667441405370979e+32,6233648823.932024,69.50313871690102,3545842.0866394113,7.74938262479465e+30,0.1746718408393025,0.000997652071406378,0.8043305070892918
1.376509058176541e+32,6262491631.426173,68.52213245795498,3513419.548431402,7.74969397853132e+30,0.1746718408393025,0.000997652071406378,0.8043305070892918
1.3862095514141764e+32,6291289277.834042,67.54934285758496,3481104.9264452173,7.749980000965129e+30,0.1746718408393025,0.000997652071406378,0.8043305070892918
1.3958443514720204e+32,6320040805.77097,66.58480732199646,3448899.9968212624,7.750242480441961e+30,0.1746718408393025,0.000997652071406378,0.8043305070892918
1.4054122194166171e+32,6348745253.607657,65.62855528933662,3416806.4859955623,7.750483098736544e+30,0.1746718408393025,0.000997652071406378,0.8043305070892918
1.414911946507716e+32,6377401657.791533,64.6806088426039,3384826.0949659273,7.750703435900349e+30,0.1746718408393025,0.000997652071406378,0.8043305070892918
1.4243423545263679e+32,6406009054.864547,63.74098408949597,3352960.510128534,7.750904975014597e+30,0.1746718408393025,0.000997652071406378,0.8043305070892918
1.433702296082515e+32,6434566483.038461,62.809692294755216,3321211.4020058587,7.751089106836418e+30,0.1746718408393025,0.000997652071406378,0.8043305070892918
1.442990654901986e+32,6463072983.310524,61.88674119366598,3289580.420672408,7.751257134319035e+30,0.1746718408393025,0.000997652071406378,0.8043305070892918
1.4522063460929408e+32,6491527600.13477,60.972135914359775,3258069.1908979947,7.751410277008096e+30,0.1746718408393025,0.000997652071406378,0.8043305070892918
1.4613483163918573e+32,6519929381.737089,60.06587977752183,3226679.3246944905,7.751549675300389e+30,0.1746718408393025,0.000997652071406378,0.8043305070892918
1.470415544389045e+32,6548277380.115931,59.1679749340769,3195412.411278706,7.751676394570387e+30,0.1746718408393025,0.000997652071406378,0.8043305070892918
1.4794070407337501e+32,6576570650.832602,58.27842263684071,3164270.007071205,7.751791429160312e+30,0.1746718408393025,0.000997652071406378,0.8043305070892918
1.4883218483190328e+32,6604808252.660708,57.3972235326971,3133253.6450207876,7.751895706222249e+30,0.1746718408393025,0.000997652071406378,0.8043305070892918
1.497159042446425e+32,6632989247.111791,56.52437782487632,3102364.8282357594,7.75199008942455e+30,0.1746718408393025,0.000997652071406378,0.8043305070892918
1.5059177309705005e+32,6661112697.89481,55.65988529870738,3071605.024831088,7.752075382518804e+30,0.1746718408393025,0.000997652071406378,0.8043305070892918
1.5145970544235348e+32,6689177670.328078,54.80374539727627,3040975.671450739,7.752152332762214e+30,0.1746718408393025,0.000997652071406378,0.8043305070892918
1.5231961861203795e+32,6717183230.732191,53.9559571224085,3010478.1687259045,7.75222163420298e+30,0.1746718408393025,0.000997652071406378,0.8043305070892918
1.5317143322436492e+32,6745128445.876818,53.11651882854927,2980113.8778005983,7.752283930829633e+30,0.1746718408393025,0.000997652071406378,0.8043305070892918
1.5401507319095484e+32,6773012382.524796,52.28542797770885,2949884.119594501,7.752339819581858e+30,0.1746718408393025,0.000997652071406378,0.8043305070892918
1.5485046572143323e+32,6800834107.148461,51.462680681474986,2919790.1755439728,7.752389853226681e+30,0.1746718408393025,0.000997652071406378,0.8043305070892918
1.5567754132617492e+32,6828592685.881812,50.64827127224553,2889833.285009264,7.752434543105797e+30,0.1746718408393025,0.000997652071406378,0.8043305070892918
1.5649623381716427e+32,6856287184.713176,49.84219189397678,2860014.6441037967,7.752474361753569e+30,0.1746718408393025,0.000997652071406378,0.8043305070892918
1.5730648030698771e+32,6883916669.908142,49.04443217567322,2830335.41121594,7.752509745387491e+30,0.1746718408393025,0.000997652071406378,0.8043305070892918
1.5810822120599183e+32,6911480208.620802,48.25497903369084,2800796.7063861154,7.752541096277251e+30,0.1746718408393025,0.000997652071406378,0.8043305070892918
1.589014002176226e+32,6938976869.636031,47.47381659274776,2771399.6123275687,7.752568784995308e+30,0.1746718408393025,0.000997652071406378,0.8043305070892918
1.596859643319794e+32,6966405724.204531,46.700926154816045,2742145.177695901,7.752593152549427e+30,0.1746718408393025,0.000997652071406378,0.8043305070892918
1.604618638176061e+32,6993765846.954046,45.93628619656409,2713034.418354602,7.752614512402307e+30,0.1746718408393025,0.000997652071406378,0.8043305070892918
1.6122905221154666e+32,7021056316.862281,45.17987240417583,2684068.318925675,7.752633152384398e+30,0.1746718408393025,0.000997652071406378,0.8043305070892918
1.6198748630769724e+32,7048276218.29933,44.431657657725694,2655247.8341132705,7.752649336497115e+30,0.1746718408393025,0.000997652071406378,0.8043305070892918
1.6273712614348266e+32,7075424642.100479,43.69161220700299,2626573.9004902528,7.752663306614006e+30,0.1746718408393025,0.000997652071406378,0.8043305070892918
1.6347793498488673e+32,7102500686.563109,42.95970400101034,2598047.4325300734,7.752675284089364e+30,0.1746718408393025,0.000997652071406378,0.8043305070892918
1.6420987930987135e+32,7129503458.187972,42.23589941071012,2569669.3301170547,7.752685471265259e+30,0.1746718408393025,0.000997652071406378,0.8043305070892918
1.6493292879021048e+32,7156432071.836726,41.52016451357102,2541440.502922661,7.752694052886147e+30,0.1746718408393025,0.000997652071406378,0.8043305070892918
1.6564705627177562e+32,7183285649.805759,40.81246721256401,2513361.863968686,7.752701197437661e+30,0.1746718408393025,0.000997652071406378,0.8043305070892918
1.6635223775331203e+32,7210063319.315524,40.11277977421055,2485434.3182171336,7.752707058395661e+30,0.1746718408393025,0.000997652071406378,0.8043305070892918
1.6704845236372223e+32,7236764208.0324335,39.42108171604914,2457658.781191682,7.752711775380975e+30,0.1746718408393025,0.000997652071406378,0.8043305070892918
1.6773568233791435e+32,7263387437.452346,38.73736239188815,2430036.1690076706,7.752715475252823e+30,0.1746718408393025,0.000997652071406378,0.8043305070892918
1.6841391299122885e+32,7289932115.061463,38.06162073274951,2402567.312587336,7.752718273146446e+30,0.1746718408393025,0.000997652071406378,0.8043305070892918
1.6908313269249597e+32,7316397326.722872,37.393863431561385,2375252.9650663245,7.752720273404388e+30,0.1746718408393025,0.000997652071406378,0.8043305070892918
1.6974333283575226e+32,7342782131.28667,36.734099135247895,2348093.7954293885,7.752721570455152e+30,0.1746718408393025,0.000997652071406378,0.8043305070892918
1.7039450781064674e+32,7369085559.35286,36.08233181087372,2321090.3353110505,7.752722249645957e+30,0.1746718408393025,0.000997652071406378,0.8043305070892918
1.7103665497159122e+32,7395306616.75738,35.438554344328956,2294242.9957410577,7.752722388002332e+30,0.1746718408393025,0.000997652071406378,0.8043305070892918
1.7166977460567256e+32,7421444291.636558,34.80274605599086,2267552.139210008,7.752722054919822e+30,0.1746718408393025,0.000997652071406378,0.8043305070892918
1.722938698993735e+32,7447497563.270401,34.17487186194595,2241018.094581919,7.752721312827134e+30,0.1746718408393025,0.000997652071406378,0.8043305070892918
1.7290894690414502e+32,7473465410.578894,33.55488571289038,2214641.163752386,7.752720217805559e+30,0.1746718408393025,0.000997652071406378,0.8043305070892918
1.7351501450085412e+32,7499346818.544907,32.942734092075554,2188421.668947036,7.752718820142349e+30,0.1746718408393025,0.000997652071406378,0.8043305070892918
1.7411208436315647e+32,7525140782.334148,32.33835955499326,2162359.947063107,7.752717164852871e+30,0.1746718408393025,0.000997652071406378,0.8043305070892918
1.747001709198295e+32,7550846309.266582,31.7417033240501,2136456.333188055,7.752715292165653e+30,0.1746718408393025,0.000997652071406378,0.8043305070892918
1.7527929131610076e+32,7576462419.143078,31.152707117646496,2110711.1526148734,7.752713237963131e+30,0.1746718408393025,0.000997652071406378,0.8043305070892918
1.7584946537401155e+32,7601988143.724281,30.571313459349057,2085124.7146795231,7.752711034183717e+30,0.1746718408393025,0.000997652071406378,0.8043305070892918
1.7641071555185666e+32,7627422525.97487,29.99746586743824,2059697.2838688092,7.752708709199952e+30,0.1746718408393025,0.000997652071406378,0.8043305070892918
1.7696306690273563e+32,7652764619.409864,29.431108324542368,2034429.0714750576,7.752706288158991e+30,0.1746718408393025,0.000997652071406378,0.8043305070892918
1.7750654703225144e+32,7678013488.056256,28.872184301260337,2009320.225936197,7.752703793289345e+30,0.1746718408393025,0.000997652071406378,0.8043305070892918
1.780411860554017e+32,7703168207.078806,28.320636239414828,1984370.7963133557,7.75270124419199e+30,0.1746718408393025,0.000997652071406378,0.8043305070892918
1.7856701655269277e+32,7728227863.688274,27.776405563658972,1959580.7301026008,7.752698658114485e+30,0.1746718408393025,0.000997652071406378,0.8043305070892918
1.7908407352551977e+32,7753191557.242736,27.239434623840143,1934950.034601991,7.752696050154417e+30,0.1746718408393025,0.000997652071406378,0.8043305070892918
1.795923943508466e+32,7778058395.268508,26.709673673140397,1910478.9357135505,7.75269343350159e+30,0.1746718408393025,0.000997652071406378,0.8043305070892918
1.8009201873522715e+32,7802827481.876705,26.187089578766148,1886167.9775940452,7.752690819659289e+30,0.1746718408393025,0.000997652071406378,0.8043305070892918
1.8058298866819938e+32,7827497904.191542,25.671659536598565,1862017.9737128678,7.752688218575647e+30,0.1746718408393025,0.000997652071406378,0.8043305070892918
1.8106534837509453e+32,7852068728.897544,25.163354329493956,1838029.5648976525,7.752685638831698e+30,0.1746718408393025,0.000997652071406378,0.8043305070892918
1.815391442692969e+32,7876539012.130386,24.662127379433482,1814202.850583272,7.752683087800667e+30,0.1746718408393025,0.000997652071406378,0.8043305070892918
1.8200442490398425e+32,7900907814.243911,24.16791747754762,1790537.5506794252,7.752680571756529e+30,0.1746718408393025,0.000997652071406378,0.8043305070892918
1.8246124092339793e+32,7925174209.223684,23.680658910987155,1767033.3276578991,7.752678095995364e+30,0.1746718408393025,0.000997652071406378,0.8043305070892918
1.8290964501366075e+32,7949337287.562993,23.20028547914822,1743689.8420731504,7.752675664955101e+30,0.1746718408393025,0.000997652071406378,0.8043305070892918
1.8334969185319596e+32,7973396158.048495,22.726728998988563,1720506.7321683117,7.752673282314004e+30,0.1746718408393025,0.000997652071406378,0.8043305070892918
1.8378143806276678e+32,7997349950.867093,22.259918575303306,1697483.5907946215,7.752670951074771e+30,0.1746718408393025,0.000997652071406378,0.8043305070892918
1.842049421551808e+32,8021197824.437435,21.799774873198047,1674619.8429376322,7.75266867364118e+30,0.1746718408393025,0.000997652071406378,0.8043305070892918
1.846202644846892e+32,8044938978.94251,21.346204589864012,1651914.6374504988,7.752666451900798e+30,0.1746718408393025,0.000997652071406378,0.8043305070892918
1.8502746719611258e+32,8068572678.630726,20.89909212844115,1629366.6539596764,7.752664287255086e+30,0.1746718408393025,0.000997652071406378,0.8043305070892918
1.854266141737328e+32,8092098292.608361,20.458278352485227,1606973.4429005664,7.752662180763006e+30,0.1746718408393025,0.000997652071406378,0.8043305070892918
1.858177709899725e+32,8115515357.162342,20.023549990378463,1584731.6043883495,7.75266013306117e+30,0.1746718408393025,0.000997652071406378,0.8043305070892918
1.8620100485390826e+32,8138823658.80723,19.594623202818994,1562636.8586917275,7.752658144266968e+30,0.1746718408393025,0.000997652071406378,0.8043305070892918
1.865763845596343e+32,8162023288.965861,19.17121851566852,1540685.074607739,7.752656214837487e+30,0.1746718408393025,0.000997652071406378,0.8043305070892918
1.8694398043451863e+32,8185114493.571251,18.75333072257066,1518880.6931101466,7.7526543452117e+30,0.1746718408393025,0.000997652071406378,0.8043305070892918
1.87303864287378e+32,8208097243.596001,18.341390337384,1497238.9836840034,7.752652534440902e+30,0.1746718408393025,0.000997652071406378,0.8043305070892918
1.8765610935659777e+32,8230970865.764813,17.935949426801454,1475773.0279342616,7.752650781391955e+30,0.1746718408393025,0.000997652071406378,0.8043305070892918
1.8800079025823377e+32,8253734110.506292,17.53726477507983,1454485.5809531386,7.752649085975299e+30,0.1746718408393025,0.000997652071406378,0.8043305070892918
1.8833798293411847e+32,8276385489.358663,17.145311370041828,1433372.1275364445,7.752647447733919e+30,0.1746718408393025,0.000997652071406378,0.8043305070892918
1.8866776460000195e+32,8298923485.470357,16.760004740966203,1412426.3887776728,7.752645865513088e+30,0.1746718408393025,0.000997652071406378,0.8043305070892918
1.8899021369375508e+32,8321346594.981992,16.381256226581716,1391643.4233526718,7.752644338292839e+30,0.1746718408393025,0.000997652071406378,0.8043305070892918
1.8930540982366037e+32,8343653352.217027,16.008946477019627,1371020.03145703,7.752642865076008e+30,0.1746718408393025,0.000997652071406378,0.8043305070892918
1.896134337168215e+32,8365842369.980415,15.64293338117057,1350554.5159184642,7.752641444773892e+30,0.1746718408393025,0.000997652071406378,0.8043305070892918
1.8991436716770928e+32,8387912364.884643,15.283069893164058,1330246.0945745981,7.75264007624988e+30,0.1746718408393025,0.000997652071406378,0.8043305070892918
1.9020829298687695e+32,8409862163.110275,14.92921599450751,1310094.4384371105,7.7526387583281e+30,0.1746718408393025,0.000997652071406378,0.8043305070892918
1.9049529494986656e+32,8431690694.186795,14.58124339478435,1290099.3352399853,7.752637489807059e+30,0.1746718408393025,0.000997652071406378,0.8043305070892918
1.9077545774632535e+32,8453396978.339521,14.239038442248175,1270260.5674703969,7.752636269465605e+30,0.1746718408393025,0.000997652071406378,0.8043305070892918
1.9104886692936722e+32,8474980110.745418,13.902501610050324,1250577.9060911676,7.752635096067836e+30,0.1746718408393025,0.000997652071406378,0.8043305070892918
1.9131560886518808e+32,8496439246.892111,13.5715446600847,1231051.1178417753,7.752633968369058e+30,0.1746718408393025,0.000997652071406378,0.8043305070892918
1.91575770682967e+32,8517773589.375125,13.24608991648707,1211680.0092792271,7.752632885120544e+30,0.1746718408393025,0.000997652071406378,0.8043305070892918
1.9182944022507288e+32,8538982372.398644,12.926072293584534,1192464.4907295362,7.752631845077557e+30,0.1746718408393025,0.000997652071406378,0.8043305070892918
1.9207670599759314e+32,8560064845.659833,12.611436273632131,1173404.5423105233,7.752630847001982e+30,0.1746718408393025,0.000997652071406378,0.8043305070892918
1.9231765712120984e+32,8581020269.248,12.302124044583792,1154500.02314316,7.752629889662422e+30,0.1746718408393025,0.000997652071406378,0.8043305070892918
1.925523832824415e+32,8601847920.318113,11.998073048344034,1135750.637064051,7.752628971837188e+30,0.1746718408393025,0.000997652071406378,0.8043305070892918
1.927809746852663e+32,8622547097.638393,11.699221572334308,1117156.0790230718,7.752628092316698e+30,0.1746718408393025,0.000997652071406378,0.8043305070892918
1.930035220031536e+32,8643117120.088434,11.405510429454072,1098716.0787406391,7.752627249908055e+30,0.1746718408393025,0.000997652071406378,0.8043305070892918
1.9322011633150903e+32,8663557323.88225,11.11688251414614,1080430.3922609088,7.752626443435844e+30,0.1746718408393025,0.000997652071406378,0.8043305070892918
1.9343084914056504e+32,8683867060.853535,10.833281800960876,1062298.793326577,7.752625671742087e+30,0.1746718408393025,0.000997652071406378,0.8043305070892918
1.9363581222872166e+32,8704045698.152477,10.554652664078004,1044321.0534952923,7.75262493368859e+30,0.1746718408393025,0.000997652071406378,0.8043305070892918
1.938350976763617e+32,8724092619.301098,10.280939104702792,1026496.9384471237,7.752624228157102e+30,0.1746718408393025,0.000997652071406378,0.8043305070892918
1.9402879780015024e+32,8744007227.026442,10.012083802471764,1008826.1915699568,7.752623554050962e+30,0.1746718408393025,0.000997652071406378,0.8043305070892918
1.942170051078402e+32,8763788948.864452,9.74802655306682,991308.5248412169,7.752622910294196e+30,0.1746718408393025,0.000997652071406378,0.8043305070892918
1.9439981225359142e+32,8783437247.82256,9.488701383403825,973943.6089584954,7.752622295833291e+30,0.1746718408393025,0.000997652071406378,0.8043305070892918
1.945773119938232e+32,8802951641.848356,9.234031947324587,956731.0500759223,7.752621709638838e+30,0.1746718408393025,0.000997652071406378,0.8043305070892918
1.947495971436109e+32,8822331738.784113,8.983923308612638,939670.4495070089,7.752621150700982e+30,0.1746718408393025,0.000997652071406378,0.8043305070892918
1.9491676053364045e+32,8841577298.691557,8.738248045421491,922761.4429568355,7.752620618035484e+30,0.1746718408393025,0.000997652071406378,0.8043305070892918
1.950788949677339e+32,8860688350.97051,8.49681618919695,906003.881825717,7.752620110686359e+30,0.1746718408393025,0.000997652071406378,0.8043305070892918
1.9523609318095767e+32,8879665412.780052,8.259326064295605,889398.3819779252,7.752619627713846e+30,0.1746718408393025,0.000997652071406378,0.8043305070892918
1.9538844779832524e+32,8898509864.261568,8.0252970992324,872947.9424786554,7.75261916817015e+30,0.1746718408393025,0.000997652071406378,0.8043305070892918
1.9553605129410434e+32,8917224492.545963,7.794027739200687,856660.0697462112,7.752618731177652e+30,0.1746718408393025,0.000997652071406378,0.8043305070892918
1.9567899595174376e+32,8935813992.536125,7.564723417024835,840548.8094908684,7.752618315913398e+30,0.1746718408393025,0.000997652071406378,0.8043305070892918
1.958173738244229e+32,8954284559.87158,7.337151618638166,824632.5455514076,7.752617921473586e+30,0.1746718408393025,0.000997652071406378,0.8043305070892918
1.9595127669624144e+32,8972641300.629524,7.112675235479678,808916.4886620456,7.752617546961521e+30,0.1746718408393025,0.000997652071406378,0.8043305070892918
1.9608079604405286e+32,8990884390.247074,6.893935919046302,793379.3687697527,7.752617191497155e+30,0.1746718408393025,0.000997652071406378,0.8043305070892918
1.962060229999552e+32,9009008183.346067,6.682597026495092,777986.3498185771,7.75261685433196e+30,0.1746718408393025,0.000997652071406378,0.8043305070892918
1.9632704831444384e+32,9027004539.67275,6.4784532783967475,762716.1596134468,7.752616534812645e+30,0.1746718408393025,0.000997652071406378,0.8043305070892918
1.9644396232023833e+32,9044866414.611801,6.28044704547356,747567.453027268,7.752616232218581e+30,0.1746718408393025,0.000997652071406378,0.8043305070892918
1.9655685489678837e+32,9062589095.921339,6.087598835949597,732546.7826311976,7.752615945822837e+30,0.1746718408393025,0.000997652071406378,0.8043305070892918
1.9666581543546768e+32,9080169779.552332,5.899299241055299,717662.0627817959,7.752615674941599e+30,0.1746718408393025,0.000997652071406378,0.8043305070892918
1.967709328054636e+32,9097606770.636778,5.715224594071825,702918.895873966,7.752615418925063e+30,0.1746718408393025,0.000997652071406378,0.8043305070892918
1.968722953203684e+32,9114899017.633698,5.535138365949825,688320.4832438122,7.752615177125035e+30,0.1746718408393025,0.000997652071406378,0.8043305070892918
1.9696999070547872e+32,9132045931.699715,5.358871127773588,673868.5758305845,7.752614948916019e+30,0.1746718408393025,0.000997652071406378,0.8043305070892918
1.970641060658108e+32,9149047233.548695,5.186309062446875,659564.1643726208,7.752614733687517e+30,0.1746718408393025,0.000997652071406378,0.8043305070892918
1.9715472785483594e+32,9165902856.586946,5.017359489407143,645407.5493399764,7.752614530835254e+30,0.1746718408393025,0.000997652071406378,0.8043305070892918
1.97241941843943e+32,9182612969.642456,4.851907190899912,631402.7420518843,7.752614339824485e+30,0.1746718408393025,0.000997652071406378,0.8043305070892918
1.9732583309263295e+32,9199178061.402,4.6898238135002135,617559.5664681914,7.752614160089876e+30,0.1746718408393025,0.000997652071406378,0.8043305070892918
1.9740648591945058e+32,9215599079.423788,4.5309334461150605,603884.2079495478,7.752613991061546e+30,0.1746718408393025,0.000997652071406378,0.8043305070892918
1.974839838736587e+32,9231877465.577791,4.375113255794835,590377.706808955,7.752613832232781e+30,0.1746718408393025,0.000997652071406378,0.8043305070892918
1.9755840970765916e+32,9248014693.300901,4.222460888948427,577037.5854623581,7.752613683101812e+30,0.1746718408393025,0.000997652071406378,0.8043305070892918
1.9762984535016648e+32,9264011426.764164,4.073290962467633,563855.2040169666,7.752613543192347e+30,0.1746718408393025,0.000997652071406378,0.8043305070892918
1.976983718801349e+32,9279867347.637363,3.927743275525219,550821.1619645237,7.752613412044582e+30,0.1746718408393025,0.000997652071406378,0.8043305070892918
1.977640695014486e+32,9295581840.573078,3.78574180132414,537930.6117681338,7.752613289219015e+30,0.1746718408393025,0.000997652071406378,0.8043305070892918
1.9782701751837338e+32,9311154538.816849,3.647149762828195,525181.9525661753,7.75261317428787e+30,0.1746718408393025,0.000997652071406378,0.8043305070892918
1.978872943117768e+32,9326585581.66149,3.511784653894458,512573.87376342824,7.752613066842158e+30,0.1746718408393025,0.000997652071406378,0.8043305070892918
1.9794497731612023e+32,9341875644.349987,3.3795221865924416,500104.2796134349,7.752612966489732e+30,0.1746718408393025,0.000997652071406378,0.8043305070892918
1.980001429972249e+32,9357025768.282663,3.2502811102304503,487770.08418854565,7.752612872853046e+30,0.1746718408393025,0.000997652071406378,0.8043305070892918
1.980528668308163e+32,9372037271.883963,3.1239926713220223,475567.54329760897,7.752612785570039e+30,0.1746718408393025,0.000997652071406378,0.8043305070892918
1.9810322328184964e+32,9386911743.927963,3.000591122640623,463492.4848407302,7.752612704293927e+30,0.1746718408393025,0.000997652071406378,0.8043305070892918
1.9815128578462036e+32,9401651089.343601,2.8800015226480347,451540.47451183526,7.752612628692394e+30,0.1746718408393025,0.000997652071406378,0.8043305070892918
1.981971267236607e+32,9416257720.272251,2.7620983051002743,439707.31745226734,7.752612558448516e+30,0.1746718408393025,0.000997652071406378,0.8043305070892918
1.9824081741542803e+32,9430735074.73194,2.6466356749098,427990.74649181793,7.752612493256716e+30,0.1746718408393025,0.000997652071406378,0.8043305070892918
1.9828242809078476e+32,9445088931.006918,2.5330615208093326,416395.5358858016,7.752612432809699e+30,0.1746718408393025,0.000997652071406378,0.8043305070892918
1.9832202787827453e+32,9459329719.414564,2.420438960861217,404938.4874282376,7.752612376847719e+30,0.1746718408393025,0.000997652071406378,0.8043305070892918
1.9835968478819707e+32,9473469866.09479,2.3093431226076806,393615.1638490499,7.752612325105556e+30,0.1746718408393025,0.000997652071406378,0.8043305070892918
1.9839546569748355e+32,9487513196.813034,2.2023504191046883,382372.8888015932,7.75261227732811e+30,0.1746718408393025,0.000997652071406378,0.8043305070892918
1.9842943633537503e+32,9501454867.202402,2.099607995234696,371171.50427813735,7.75261223328188e+30,0.1746718408393025,0.000997652071406378,0.8043305070892918
1.9846166126990794e+32,9515292082.121033,2.0000813446263397,360013.5156319777,7.752612192726782e+30,0.1746718408393025,0.000997652071406378,0.8043305070892918
1.984922038952064e+32,9529027323.82896,1.9031041580219024,348906.58668417635,7.752612155451033e+30,0.1746718408393025,0.000997652071406378,0.8043305070892918
1.9852112641958708e+32,9542666605.705296,1.808367967455554,337849.86667524936,7.752612121248201e+30,0.1746718408393025,0.000997652071406378,0.8043305070892918
1.985484898544758e+32,9556218129.451788,1.715718185525728,326836.49221236625,7.752612089921536e+30,0.1746718408393025,0.000997652071406378,0.8043305070892918
1.9857435400414072e+32,9569691923.478241,1.6250330199010854,315856.3433039485,7.75261206128368e+30,0.1746718408393025,0.000997652071406378,0.8043305070892918
1.9859877745624284e+32,9583100082.963995,1.5361799048369535,304897.2029004598,7.75261203515737e+30,0.1746718408393025,0.000997652071406378,0.8043305070892918
1.9862181757320727e+32,9596457717.866474,1.4489139016016082,293945.7170685866,7.752612011378847e+30,0.1746718408393025,0.000997652071406378,0.8043305070892918
1.9864353048441728e+32,9609785619.573706,1.3626727619287318,282989.3847565592,7.752611989774523e+30,0.1746718408393025,0.000997652071406378,0.8043305070892918
1.986639710792333e+32,9623106945.262262,1.278135836635574,272002.7528895757,7.752611970188904e+30,0.1746718408393025,0.000997652071406378,0.8043305070892918
1.986831930008393e+32,9636444519.126577,1.195340047339541,260956.78324756314,7.752611952496986e+30,0.1746718408393025,0.000997652071406378,0.8043305070892918
1.987011366786088e+32,9649742103.818161,1.1142027849236236,249898.99514282378,7.752611936665811e+30,0.1746718408393025,0.000997652071406378,0.8043305070892918
1.9871751920402166e+32,9662745666.932745,1.0362112913734691,239043.6763838764,7.752611922832352e+30,0.1746718408393025,0.000997652071406378,0.8043305070892918
1.9873222147757214e+32,9675269752.853218,0.9622452957612526,228556.39067494293,7.752611910958343e+30,0.1746718408393025,0.000997652071406378,0.8043305070892918
1.9874538998532005e+32,9687329028.262861,0.8920040051884828,218440.23353445658,7.752611900785463e+30,0.1746718408393025,0.000997652071406378,0.8043305070892918
1.9875716084028474e+32,9698939341.015488,0.8253337580506578,208676.02538181833,7.752611892079806e+30,0.1746718408393025,0.000997652071406378,0.8043305070892918
1.9876766033312087e+32,9710119754.485493,0.761683198573192,199243.33283141084,7.752611884650309e+30,0.1746718408393025,0.000997652071406378,0.8043305070892918
1.9877700546461563e+32,9720884700.764908,0.7020540530772683,190140.89309963654,7.752611878332528e+30,0.1746718408393025,0.000997652071406378,0.8043305070892918
1.9878530446012e+32,9731240970.808994,0.6461887526722401,181368.3342542422,7.752611872974121e+30,0.1746718408393025,0.000997652071406378,0.8043305070892918
1.9879265726604394e+32,9741199061.740768,0.5935105311045683,172927.31363071981,7.75261186844387e+30,0.1746718408393025,0.000997652071406378,0.8043305070892918
1.9879915602855972e+32,9750773345.915638,0.543836151890198,164819.19486154086,7.752611864624719e+30,0.1746718408393025,0.000997652071406378,0.8043305070892918
1.9880488555467348e+32,9759979379.783106,0.4969899525628211,157049.35885641142,7.752611861414123e+30,0.1746718408393025,0.000997652071406378,0.8043305070892918
1.988099237558404e+32,9768834479.637821,0.45276245389757014,149624.6573612586,7.752611858721833e+30,0.1746718408393025,0.000997652071406378,0.8043305070892918
1.9881434207431244e+32,9777356250.420052,0.41117638634453313,142525.48917122956,7.752611856469792e+30,0.1746718408393025,0.000997652071406378,0.8043305070892918
1.9881820589242247e+32,9785557460.64679,0.37252704454730773,135694.76189005148,7.752611854592936e+30,0.1746718408393025,0.000997652071406378,0.8043305070892918
1.9882157492502136e+32,9793443858.247208,0.33692912994427254,129088.03596082471,7.752611853034935e+30,0.1746718408393025,0.000997652071406378,0.8043305070892918
1.988245035952989e+32,9801018855.027199,0.30413490021846773,122703.27492293001,7.75261185174603e+30,0.1746718408393025,0.000997652071406378,0.8043305070892918
1.9882704139423156e+32,9808287935.068409,0.2738724752924232,116548.1925142071,7.752611850683778e+30,0.1746718408393025,0.000997652071406378,0.8043305070892918
1.9882923322391297e+32,9815258626.822775,0.24595116906205985,110620.90683207664,7.752611849811872e+30,0.1746718408393025,0.000997652071406378,0.8043305070892918
1.988311197250347e+32,9821939073.435122,0.22024924126627712,104912.01623948137,7.752611849099409e+30,0.1746718408393025,0.000997652071406378,0.8043305070892918
1.9883273758879777e+32,9828336865.35119,0.19667259119260483,99410.21333142859,7.752611848519976e+30,0.1746718408393025,0.000997652071406378,0.8043305070892918
1.9883411985354556e+32,9834459001.684498,0.17510037245181964,94112.07403771419,7.752611848050834e+30,0.1746718408393025,0.000997652071406378,0.8043305070892918
1.9883529618642063e+32,9840313130.406315,0.15536705121302433,89019.85419222582,7.752611847672741e+30,0.1746718408393025,0.000997652071406378,0.8043305070892918
1.9883629315035865e+32,9845907906.08222,0.13735279513759094,84134.25719644388,7.752611847369539e+30,0.1746718408393025,0.000997652071406378,0.8043305070892918
1.9883713445674298e+32,9851252340.064281,0.12094776259416101,79456.60631335396,7.752611847127648e+30,0.1746718408393025,0.000997652071406378,0.8043305070892918
1.988378412040532e+32,9856355863.675856,0.10604202044392144,74990.80693390398,7.752611846935683e+30,0.1746718408393025,0.000997652071406378,0.8043305070892918
1.9883843210285138e+32,9861228686.849958,0.0925240975323585,70744.03442566349,7.752611846784141e+30,0.1746718408393025,0.000997652071406378,0.8043305070892918
1.9883892368745845e+32,9865882294.417665,0.08028303252542668,66724.86446721556,7.752611846665135e+30,0.1746718408393025,0.000997652071406378,0.8043305070892918
1.988393305146827e+32,9870329619.510384,0.06922469725852615,62938.53136073459,7.752611846572168e+30,0.1746718408393025,0.000997652071406378,0.8043305070892918
1.9883966534997048e+32,9874584623.134325,0.0592746435208399,59383.86679731559,7.752611846499926e+30,0.1746718408393025,0.000997652071406378,0.8043305070892918
1.988399393413582e+32,9878661634.41454,0.05037271149082051,56052.90874232565,7.752611846444095e+30,0.1746718408393025,0.000997652071406378,0.8043305070892918
1.9884016218161177e+32,9882574628.057486,0.04246755914808039,52931.493130396964,7.752611846401191e+30,0.1746718408393025,0.000997652071406378,0.8043305070892918
1.9884034225894816e+32,9886336451.40561,0.03551101367626315,50000.87000934317,7.752611846368422e+30,0.1746718408393025,0.000997652071406378,0.8043305070892918
1.9884048679673944e+32,9889958056.229458,0.029452668070564698,47239.6836678341,7.752611846343557e+30,0.1746718408393025,0.000997652071406378,0.8043305070892918
1.9884060198260837e+32,9893447868.72555,0.02423506958597094,44625.601652639496,7.752611846324827e+30,0.1746718408393025,0.000997652071406378,0.8043305070892918
1.9884069308732834e+32,9896811597.13629,0.019789700500410918,42135.374094468825,7.752611846310826e+30,0.1746718408393025,0.000997652071406378,0.8043305070892918
1.988407645739483e+32,9900052551.673845,0.016039666670462457,39747.986898668736,7.752611846300452e+30,0.1746718408393025,0.000997652071406378,0.8043305070892918
1.988408201975674e+32,9903172135.098421,0.012905158298961333,37446.852269853036,7.75261184629284e+30,0.1746718408393025,0.000997652071406378,0.8043305070892918
1.9884086309618945e+32,9906170359.433212,0.010307197330754494,35218.613878616954,7.752611846287313e+30,0.1746718408393025,0.000997652071406378,0.8043305070892918
1.9884089587309005e+32,9909046323.456112,0.008171310720489891,33053.82351504815,7.752611846283347e+30,0.1746718408393025,0.000997652071406378,0.8043305070892918
1.9884092067113504e+32,9911798528.285849,0.0064293492530822,30947.759571736828,7.752611846280534e+30,0.1746718408393025,0.000997652071406378,0.8043305070892918
1.9884093923948928e+32,9914425081.346956,0.005020172703027824,28900.845917433682,7.752611846278566e+30,0.1746718408393025,0.000997652071406378,0.8043305070892918
1.9884095299315803e+32,9916923889.135815,0.003889491093918367,26917.936681045372,7.752611846277207e+30,0.1746718408393025,0.000997652071406378,0.8043305070892918
1.988409630658052e+32,9919292959.80197,0.0029895520322065637,25005.89943890838,7.752611846276282e+30,0.1746718408393025,0.000997652071406378,0.8043305070892918
1.988409703562911e+32,9921530718.62359,0.002279153457748697,23169.869236250375,7.75261184627566e+30,0.1746718408393025,0.000997652071406378,0.8043305070892918
1.9884097556937373e+32,9923636036.397501,0.0017234960953503749,21409.737707574364,7.752611846275249e+30,0.1746718408393025,0.000997652071406378,0.8043305070892918
1.988409792510142e+32,9925607842.343412,0.0012934627607974472,19718.511401737658,7.752611846274982e+30,0.1746718408393025,0.000997652071406378,0.8043305070892918
1.9884098181872623e+32,9927444552.167324,0.0009645755953429438,18082.79453195776,7.75261184627481e+30,0.1746718408393025,0.000997652071406378,0.8043305070892918
1.9884098358740247e+32,9929143621.547812,0.0007161936465572108,16484.019216830064,7.752611846274702e+30,0.1746718408393025,0.000997652071406378,0.8043305070892918
1.988409847910467e+32,9930701298.855309,0.0005310435538701482,14900.073877565144,7.752611846274636e+30,0.1746718408393025,0.000997652071406378,0.8043305070892918
1.988409856008328e+32,9932112627.950655,0.00039480640106993365,13310.017046598785,7.752611846274596e+30,0.1746718408393025,0.000997652071406378,0.8043305070892918
1.988409861399005e+32,9933372084.505714,0.00029565896695579497,11708.014519325481,7.752611846274572e+30,0.1746718408393025,0.000997652071406378,0.8043305070892918
1.9884098649528596e+32,9934475536.723585,0.00022376813360771775,10128.053238395796,7.752611846274559e+30,0.1746718408393025,0.000997652071406378,0.8043305070892918
1.9884098672736985e+32,9935423189.340574,0.00017112960538786265,8651.905841033033,7.752611846274551e+30,0.1746718408393025,0.000997652071406378,0.8043305070892918
1.9884098687720464e+32,9936220522.346424,0.0001318305232893964,7375.404546128272,7.752611846274547e+30,0.1746718408393025,0.000997652071406378,0.8043305070892918
1.988409869720585e+32,9936874032.81997,0.00010213480417585234,6373.919436881655,7.752611846274545e+30,0.1746718408393025,0.000997652071406378,0.8043305070892918
1.988409870294821e+32,9937381031.08418,8.041540218287525e-05,5681.031658910246,7.752611846274543e+30,0.1746718408393025,0.000997652071406378,0.8043305070892918
1.988409870601656e+32,9937716955.012842,6.679073891296853e-05,5281.774567833833,7.752611846274543e+30,0.1746718408393025,0.000997652071406378,0.8043305070892918
1.9884098706980505e+32,9937837478.771446,6.209961665649803e-05,5150.9223627576575,7.752611846274543e+30,0.1746718408393025,0.000997652071406378,0.8043305070892918
